upperCNA,topalts,CHOR,rho
1,10, mean age in AML vs frequency in normal blood,0.5030303030303029
1,10,mean age in AML vs estimated carcinogenic effect,-0.6606060606060605
1,11, mean age in AML vs frequency in normal blood,0.4727272727272727
1,11,mean age in AML vs estimated carcinogenic effect,-0.6909090909090909
1,12, mean age in AML vs frequency in normal blood,0.4755244755244756
1,12,mean age in AML vs estimated carcinogenic effect,-0.5804195804195805
1,13, mean age in AML vs frequency in normal blood,0.5879120879120879
1,13,mean age in AML vs estimated carcinogenic effect,-0.6703296703296703
1,14, mean age in AML vs frequency in normal blood,0.5648351648351648
1,14,mean age in AML vs estimated carcinogenic effect,-0.6131868131868131
1,15, mean age in AML vs frequency in normal blood,0.5285714285714285
1,15,mean age in AML vs estimated carcinogenic effect,-0.4857142857142856
1,16, mean age in AML vs frequency in normal blood,0.5970588235294118
1,16,mean age in AML vs estimated carcinogenic effect,-0.5705882352941176
1,17, mean age in AML vs frequency in normal blood,0.45343137254901966
1,17,mean age in AML vs estimated carcinogenic effect,-0.4975490196078432
1,18, mean age in AML vs frequency in normal blood,0.4633642930856553
1,18,mean age in AML vs estimated carcinogenic effect,-0.5067079463364293
1,19, mean age in AML vs frequency in normal blood,0.42631578947368426
1,19,mean age in AML vs estimated carcinogenic effect,-0.4754385964912281
1,20, mean age in AML vs frequency in normal blood,0.4947368421052631
1,20,mean age in AML vs estimated carcinogenic effect,-0.5428571428571428
1,21, mean age in AML vs frequency in normal blood,0.42727272727272725
1,21,mean age in AML vs estimated carcinogenic effect,-0.4363636363636364
1,22, mean age in AML vs frequency in normal blood,0.45115753811405984
1,22,mean age in AML vs estimated carcinogenic effect,-0.4522868435911914
1,23, mean age in AML vs frequency in normal blood,0.4051383399209486
1,23,mean age in AML vs estimated carcinogenic effect,-0.3547430830039525
1,24, mean age in AML vs frequency in normal blood,0.4234782608695652
1,24,mean age in AML vs estimated carcinogenic effect,-0.3747826086956521
1,25, mean age in AML vs frequency in normal blood,0.3861538461538462
1,25,mean age in AML vs estimated carcinogenic effect,-0.3453846153846154
1,26, mean age in AML vs frequency in normal blood,0.35931623931623924
1,26,mean age in AML vs estimated carcinogenic effect,-0.2649572649572649
1,27, mean age in AML vs frequency in normal blood,0.35470085470085466
1,27,mean age in AML vs estimated carcinogenic effect,-0.2387057387057387
1,28, mean age in AML vs frequency in normal blood,0.3404488232074439
1,28,mean age in AML vs estimated carcinogenic effect,-0.17952928297755882
1,29, mean age in AML vs frequency in normal blood,0.34433497536945806
1,29,mean age in AML vs estimated carcinogenic effect,-0.1901477832512315
1,30, mean age in AML vs frequency in normal blood,0.31568409343715237
1,30,mean age in AML vs estimated carcinogenic effect,-0.16885428253615128
2,10, mean age in AML vs frequency in normal blood,0.39393939393939387
2,10,mean age in AML vs estimated carcinogenic effect,-0.13939393939393938
2,11, mean age in AML vs frequency in normal blood,0.4090909090909091
2,11,mean age in AML vs estimated carcinogenic effect,-0.13636363636363635
2,12, mean age in AML vs frequency in normal blood,0.4195804195804196
2,12,mean age in AML vs estimated carcinogenic effect,-0.1118881118881119
2,13, mean age in AML vs frequency in normal blood,0.5054945054945056
2,13,mean age in AML vs estimated carcinogenic effect,-0.3021978021978022
2,14, mean age in AML vs frequency in normal blood,0.43736263736263736
2,14,mean age in AML vs estimated carcinogenic effect,-0.2835164835164835
2,15, mean age in AML vs frequency in normal blood,0.2571428571428571
2,15,mean age in AML vs estimated carcinogenic effect,-0.22499999999999995
2,16, mean age in AML vs frequency in normal blood,0.19999999999999998
2,16,mean age in AML vs estimated carcinogenic effect,-0.18823529411764706
2,17, mean age in AML vs frequency in normal blood,0.2254901960784314
2,17,mean age in AML vs estimated carcinogenic effect,-0.1470588235294118
2,18, mean age in AML vs frequency in normal blood,0.3065015479876161
2,18,mean age in AML vs estimated carcinogenic effect,-0.18472652218782248
2,19, mean age in AML vs frequency in normal blood,0.2105263157894737
2,19,mean age in AML vs estimated carcinogenic effect,-0.1842105263157895
2,20, mean age in AML vs frequency in normal blood,0.21654135338345865
2,20,mean age in AML vs estimated carcinogenic effect,-0.1548872180451128
2,21, mean age in AML vs frequency in normal blood,0.22077922077922077
2,21,mean age in AML vs estimated carcinogenic effect,-0.13116883116883116
2,22, mean age in AML vs frequency in normal blood,0.2851496329757199
2,22,mean age in AML vs estimated carcinogenic effect,-0.20948616600790512
2,23, mean age in AML vs frequency in normal blood,0.3092885375494071
2,23,mean age in AML vs estimated carcinogenic effect,-0.24407114624505927
2,24, mean age in AML vs frequency in normal blood,0.3617391304347825
2,24,mean age in AML vs estimated carcinogenic effect,-0.3139130434782608
2,25, mean age in AML vs frequency in normal blood,0.37230769230769234
2,25,mean age in AML vs estimated carcinogenic effect,-0.27076923076923076
2,26, mean age in AML vs frequency in normal blood,0.4058119658119657
2,26,mean age in AML vs estimated carcinogenic effect,-0.31965811965811963
2,27, mean age in AML vs frequency in normal blood,0.3754578754578754
2,27,mean age in AML vs estimated carcinogenic effect,-0.27899877899877895
2,28, mean age in AML vs frequency in normal blood,0.35905856595511765
2,28,mean age in AML vs estimated carcinogenic effect,-0.25615763546798026
2,29, mean age in AML vs frequency in normal blood,0.2891625615763546
2,29,mean age in AML vs estimated carcinogenic effect,-0.20049261083743838
2,30, mean age in AML vs frequency in normal blood,0.3050055617352614
2,30,mean age in AML vs estimated carcinogenic effect,-0.2293659621802002
3,10, mean age in AML vs frequency in normal blood,0.5393939393939393
3,10,mean age in AML vs estimated carcinogenic effect,-0.2242424242424242
3,11, mean age in AML vs frequency in normal blood,0.5545454545454546
3,11,mean age in AML vs estimated carcinogenic effect,-0.20909090909090908
3,12, mean age in AML vs frequency in normal blood,0.5664335664335665
3,12,mean age in AML vs estimated carcinogenic effect,-0.27972027972027974
3,13, mean age in AML vs frequency in normal blood,0.598901098901099
3,13,mean age in AML vs estimated carcinogenic effect,-0.2692307692307692
3,14, mean age in AML vs frequency in normal blood,0.5956043956043956
3,14,mean age in AML vs estimated carcinogenic effect,-0.2747252747252747
3,15, mean age in AML vs frequency in normal blood,0.5357142857142856
3,15,mean age in AML vs estimated carcinogenic effect,-0.10714285714285712
3,16, mean age in AML vs frequency in normal blood,0.5235294117647059
3,16,mean age in AML vs estimated carcinogenic effect,-0.09411764705882353
3,17, mean age in AML vs frequency in normal blood,0.3504901960784314
3,17,mean age in AML vs estimated carcinogenic effect,-0.08088235294117649
3,18, mean age in AML vs frequency in normal blood,0.3560371517027864
3,18,mean age in AML vs estimated carcinogenic effect,-0.04643962848297214
3,19, mean age in AML vs frequency in normal blood,0.39824561403508774
3,19,mean age in AML vs estimated carcinogenic effect,-0.1385964912280702
3,20, mean age in AML vs frequency in normal blood,0.34285714285714286
3,20,mean age in AML vs estimated carcinogenic effect,-0.16090225563909774
3,21, mean age in AML vs frequency in normal blood,0.4038961038961039
3,21,mean age in AML vs estimated carcinogenic effect,-0.17922077922077922
3,22, mean age in AML vs frequency in normal blood,0.4500282326369282
3,22,mean age in AML vs estimated carcinogenic effect,-0.24336533032185206
3,23, mean age in AML vs frequency in normal blood,0.44960474308300397
3,23,mean age in AML vs estimated carcinogenic effect,-0.22134387351778656
3,24, mean age in AML vs frequency in normal blood,0.4817391304347825
3,24,mean age in AML vs estimated carcinogenic effect,-0.2260869565217391
3,25, mean age in AML vs frequency in normal blood,0.4746153846153846
3,25,mean age in AML vs estimated carcinogenic effect,-0.21307692307692308
3,26, mean age in AML vs frequency in normal blood,0.3675213675213675
3,26,mean age in AML vs estimated carcinogenic effect,-0.18085470085470085
3,27, mean age in AML vs frequency in normal blood,0.36080586080586075
3,27,mean age in AML vs estimated carcinogenic effect,-0.17765567765567764
3,28, mean age in AML vs frequency in normal blood,0.41598248494800216
3,28,mean age in AML vs estimated carcinogenic effect,-0.2627257799671593
3,29, mean age in AML vs frequency in normal blood,0.45517241379310336
3,29,mean age in AML vs estimated carcinogenic effect,-0.32955665024630537
3,30, mean age in AML vs frequency in normal blood,0.439377085650723
3,30,mean age in AML vs estimated carcinogenic effect,-0.3103448275862069
4,10, mean age in AML vs frequency in normal blood,0.10303030303030301
4,10,mean age in AML vs estimated carcinogenic effect,-0.13939393939393938
4,11, mean age in AML vs frequency in normal blood,0.20909090909090908
4,11,mean age in AML vs estimated carcinogenic effect,0
4,12, mean age in AML vs frequency in normal blood,0.34265734265734266
4,12,mean age in AML vs estimated carcinogenic effect,0.04195804195804196
4,13, mean age in AML vs frequency in normal blood,0.42307692307692313
4,13,mean age in AML vs estimated carcinogenic effect,0.016483516483516484
4,14, mean age in AML vs frequency in normal blood,0.47692307692307695
4,14,mean age in AML vs estimated carcinogenic effect,-0.002197802197802198
4,15, mean age in AML vs frequency in normal blood,0.5035714285714284
4,15,mean age in AML vs estimated carcinogenic effect,-0.021428571428571425
4,16, mean age in AML vs frequency in normal blood,0.37058823529411766
4,16,mean age in AML vs estimated carcinogenic effect,-0.026470588235294114
4,17, mean age in AML vs frequency in normal blood,0.3774509803921569
4,17,mean age in AML vs estimated carcinogenic effect,0.007352941176470589
4,18, mean age in AML vs frequency in normal blood,0.40970072239422084
4,18,mean age in AML vs estimated carcinogenic effect,-0.1001031991744066
4,19, mean age in AML vs frequency in normal blood,0.4298245614035088
4,19,mean age in AML vs estimated carcinogenic effect,-0.07894736842105264
4,20, mean age in AML vs frequency in normal blood,0.4105263157894737
4,20,mean age in AML vs estimated carcinogenic effect,-0.05864661654135339
4,21, mean age in AML vs frequency in normal blood,0.4753246753246753
4,21,mean age in AML vs estimated carcinogenic effect,-0.16883116883116883
4,22, mean age in AML vs frequency in normal blood,0.43083003952569165
4,22,mean age in AML vs estimated carcinogenic effect,-0.18915866741953696
4,23, mean age in AML vs frequency in normal blood,0.283596837944664
4,23,mean age in AML vs estimated carcinogenic effect,-0.09881422924901187
4,24, mean age in AML vs frequency in normal blood,0.3382608695652174
4,24,mean age in AML vs estimated carcinogenic effect,-0.11913043478260868
4,25, mean age in AML vs frequency in normal blood,0.25
4,25,mean age in AML vs estimated carcinogenic effect,-0.04538461538461539
4,26, mean age in AML vs frequency in normal blood,0.2923076923076923
4,26,mean age in AML vs estimated carcinogenic effect,-0.022905982905982905
4,27, mean age in AML vs frequency in normal blood,0.20695970695970695
4,27,mean age in AML vs estimated carcinogenic effect,-0.009768009768009768
4,28, mean age in AML vs frequency in normal blood,0.2074438970990695
4,28,mean age in AML vs estimated carcinogenic effect,-0.003831417624521072
4,29, mean age in AML vs frequency in normal blood,0.20591133004926104
4,29,mean age in AML vs estimated carcinogenic effect,-0.005911330049261082
4,30, mean age in AML vs frequency in normal blood,0.2596218020022247
4,30,mean age in AML vs estimated carcinogenic effect,-0.07363737486095662
5,10, mean age in AML vs frequency in normal blood,0.12727272727272726
5,10,mean age in AML vs estimated carcinogenic effect,0.00606060606060606
5,11, mean age in AML vs frequency in normal blood,0.2818181818181818
5,11,mean age in AML vs estimated carcinogenic effect,0.08181818181818182
5,12, mean age in AML vs frequency in normal blood,0.4195804195804196
5,12,mean age in AML vs estimated carcinogenic effect,0
5,13, mean age in AML vs frequency in normal blood,0.47802197802197804
5,13,mean age in AML vs estimated carcinogenic effect,-0.021978021978021976
5,14, mean age in AML vs frequency in normal blood,0.5164835164835164
5,14,mean age in AML vs estimated carcinogenic effect,-0.03736263736263736
5,15, mean age in AML vs frequency in normal blood,0.5392857142857143
5,15,mean age in AML vs estimated carcinogenic effect,-0.14285714285714282
5,16, mean age in AML vs frequency in normal blood,0.37058823529411766
5,16,mean age in AML vs estimated carcinogenic effect,-0.08823529411764705
5,17, mean age in AML vs frequency in normal blood,0.38970588235294124
5,17,mean age in AML vs estimated carcinogenic effect,-0.1397058823529412
5,18, mean age in AML vs frequency in normal blood,0.4117647058823529
5,18,mean age in AML vs estimated carcinogenic effect,-0.11661506707946337
5,19, mean age in AML vs frequency in normal blood,0.4649122807017544
5,19,mean age in AML vs estimated carcinogenic effect,-0.24035087719298245
5,20, mean age in AML vs frequency in normal blood,0.4917293233082706
5,20,mean age in AML vs estimated carcinogenic effect,-0.21654135338345865
5,21, mean age in AML vs frequency in normal blood,0.5467532467532468
5,21,mean age in AML vs estimated carcinogenic effect,-0.3051948051948052
5,22, mean age in AML vs frequency in normal blood,0.5403726708074533
5,22,mean age in AML vs estimated carcinogenic effect,-0.2817617165443252
5,23, mean age in AML vs frequency in normal blood,0.5385375494071146
5,23,mean age in AML vs estimated carcinogenic effect,-0.21640316205533597
5,24, mean age in AML vs frequency in normal blood,0.48086956521739127
5,24,mean age in AML vs estimated carcinogenic effect,-0.22260869565217387
5,25, mean age in AML vs frequency in normal blood,0.3515384615384616
5,25,mean age in AML vs estimated carcinogenic effect,-0.1453846153846154
5,26, mean age in AML vs frequency in normal blood,0.2608547008547008
5,26,mean age in AML vs estimated carcinogenic effect,-0.06598290598290597
5,27, mean age in AML vs frequency in normal blood,0.2783882783882784
5,27,mean age in AML vs estimated carcinogenic effect,-0.14407814407814407
5,28, mean age in AML vs frequency in normal blood,0.2835249042145594
5,28,mean age in AML vs estimated carcinogenic effect,-0.14887794198139026
5,29, mean age in AML vs frequency in normal blood,0.33645320197044326
5,29,mean age in AML vs estimated carcinogenic effect,-0.20197044334975364
5,30, mean age in AML vs frequency in normal blood,0.36462736373748605
5,30,mean age in AML vs estimated carcinogenic effect,-0.1804226918798665
6,10, mean age in AML vs frequency in normal blood,0.10303030303030301
6,10,mean age in AML vs estimated carcinogenic effect,-0.07878787878787878
6,11, mean age in AML vs frequency in normal blood,0.24545454545454548
6,11,mean age in AML vs estimated carcinogenic effect,-0.08181818181818182
6,12, mean age in AML vs frequency in normal blood,0.34265734265734266
6,12,mean age in AML vs estimated carcinogenic effect,-0.08391608391608392
6,13, mean age in AML vs frequency in normal blood,0.40659340659340665
6,13,mean age in AML vs estimated carcinogenic effect,-0.07142857142857142
6,14, mean age in AML vs frequency in normal blood,0.4593406593406593
6,14,mean age in AML vs estimated carcinogenic effect,-0.22637362637362637
6,15, mean age in AML vs frequency in normal blood,0.49642857142857133
6,15,mean age in AML vs estimated carcinogenic effect,-0.17499999999999996
6,16, mean age in AML vs frequency in normal blood,0.4941176470588235
6,16,mean age in AML vs estimated carcinogenic effect,-0.2117647058823529
6,17, mean age in AML vs frequency in normal blood,0.3308823529411765
6,17,mean age in AML vs estimated carcinogenic effect,-0.14460784313725492
6,18, mean age in AML vs frequency in normal blood,0.2961816305469556
6,18,mean age in AML vs estimated carcinogenic effect,-0.20330237358101136
6,19, mean age in AML vs frequency in normal blood,0.30350877192982456
6,19,mean age in AML vs estimated carcinogenic effect,-0.1736842105263158
6,20, mean age in AML vs frequency in normal blood,0.3142857142857143
6,20,mean age in AML vs estimated carcinogenic effect,-0.1548872180451128
6,21, mean age in AML vs frequency in normal blood,0.39220779220779217
6,21,mean age in AML vs estimated carcinogenic effect,-0.2519480519480519
6,22, mean age in AML vs frequency in normal blood,0.24223602484472045
6,22,mean age in AML vs estimated carcinogenic effect,-0.15415019762845847
6,23, mean age in AML vs frequency in normal blood,0.1798418972332016
6,23,mean age in AML vs estimated carcinogenic effect,-0.10375494071146245
6,24, mean age in AML vs frequency in normal blood,0.09304347826086956
6,24,mean age in AML vs estimated carcinogenic effect,-0.07565217391304346
6,25, mean age in AML vs frequency in normal blood,0.05615384615384615
6,25,mean age in AML vs estimated carcinogenic effect,-0.055384615384615386
6,26, mean age in AML vs frequency in normal blood,0.047521367521367514
6,26,mean age in AML vs estimated carcinogenic effect,-0.04957264957264956
6,27, mean age in AML vs frequency in normal blood,0.018315018315018312
6,27,mean age in AML vs estimated carcinogenic effect,-0.06776556776556776
6,28, mean age in AML vs frequency in normal blood,0.10290093048713737
6,28,mean age in AML vs estimated carcinogenic effect,-0.16420361247947454
6,29, mean age in AML vs frequency in normal blood,0.1315270935960591
6,29,mean age in AML vs estimated carcinogenic effect,-0.1817733990147783
6,30, mean age in AML vs frequency in normal blood,0.13058954393770858
6,30,mean age in AML vs estimated carcinogenic effect,-0.15595105672969967
7,10, mean age in AML vs frequency in normal blood,0.04242424242424242
7,10,mean age in AML vs estimated carcinogenic effect,-0.18787878787878787
7,11, mean age in AML vs frequency in normal blood,0.15454545454545454
7,11,mean age in AML vs estimated carcinogenic effect,-0.2727272727272727
7,12, mean age in AML vs frequency in normal blood,0.34265734265734266
7,12,mean age in AML vs estimated carcinogenic effect,-0.29370629370629375
7,13, mean age in AML vs frequency in normal blood,0.3241758241758242
7,13,mean age in AML vs estimated carcinogenic effect,-0.1758241758241758
7,14, mean age in AML vs frequency in normal blood,0.3626373626373626
7,14,mean age in AML vs estimated carcinogenic effect,-0.16043956043956042
7,15, mean age in AML vs frequency in normal blood,0.41428571428571426
7,15,mean age in AML vs estimated carcinogenic effect,-0.24999999999999994
7,16, mean age in AML vs frequency in normal blood,0.42941176470588227
7,16,mean age in AML vs estimated carcinogenic effect,-0.1764705882352941
7,17, mean age in AML vs frequency in normal blood,0.2769607843137255
7,17,mean age in AML vs estimated carcinogenic effect,-0.1470588235294118
7,18, mean age in AML vs frequency in normal blood,0.24045407636738905
7,18,mean age in AML vs estimated carcinogenic effect,-0.20743034055727555
7,19, mean age in AML vs frequency in normal blood,0.3368421052631579
7,19,mean age in AML vs estimated carcinogenic effect,-0.30350877192982456
7,20, mean age in AML vs frequency in normal blood,0.22706766917293233
7,20,mean age in AML vs estimated carcinogenic effect,-0.281203007518797
7,21, mean age in AML vs frequency in normal blood,0.22987012987012986
7,21,mean age in AML vs estimated carcinogenic effect,-0.23896103896103893
7,22, mean age in AML vs frequency in normal blood,0.1846414455110107
7,22,mean age in AML vs estimated carcinogenic effect,-0.19819311123658948
7,23, mean age in AML vs frequency in normal blood,0.10968379446640317
7,23,mean age in AML vs estimated carcinogenic effect,-0.1590909090909091
7,24, mean age in AML vs frequency in normal blood,0.11913043478260868
7,24,mean age in AML vs estimated carcinogenic effect,-0.12956521739130433
7,25, mean age in AML vs frequency in normal blood,0.0953846153846154
7,25,mean age in AML vs estimated carcinogenic effect,-0.12307692307692308
7,26, mean age in AML vs frequency in normal blood,0.11658119658119658
7,26,mean age in AML vs estimated carcinogenic effect,-0.13299145299145299
7,27, mean age in AML vs frequency in normal blood,0.1923076923076923
7,27,mean age in AML vs estimated carcinogenic effect,-0.22588522588522586
7,28, mean age in AML vs frequency in normal blood,0.11494252873563217
7,28,mean age in AML vs estimated carcinogenic effect,-0.15818281335522713
7,29, mean age in AML vs frequency in normal blood,0.1527093596059113
7,29,mean age in AML vs estimated carcinogenic effect,-0.16354679802955663
7,30, mean age in AML vs frequency in normal blood,0.22981090100111234
7,30,mean age in AML vs estimated carcinogenic effect,-0.23203559510567295
8,10, mean age in AML vs frequency in normal blood,-0.018181818181818177
8,10,mean age in AML vs estimated carcinogenic effect,-0.1636363636363636
8,11, mean age in AML vs frequency in normal blood,0.10909090909090909
8,11,mean age in AML vs estimated carcinogenic effect,-0.13636363636363635
8,12, mean age in AML vs frequency in normal blood,0.2307692307692308
8,12,mean age in AML vs estimated carcinogenic effect,-0.1188811188811189
8,13, mean age in AML vs frequency in normal blood,0.19230769230769232
8,13,mean age in AML vs estimated carcinogenic effect,0.021978021978021976
8,14, mean age in AML vs frequency in normal blood,0.12087912087912088
8,14,mean age in AML vs estimated carcinogenic effect,-0.006593406593406593
8,15, mean age in AML vs frequency in normal blood,0.1107142857142857
8,15,mean age in AML vs estimated carcinogenic effect,0.11785714285714284
8,16, mean age in AML vs frequency in normal blood,0.17941176470588233
8,16,mean age in AML vs estimated carcinogenic effect,-0.026470588235294114
8,17, mean age in AML vs frequency in normal blood,0.232843137254902
8,17,mean age in AML vs estimated carcinogenic effect,-0.11029411764705883
8,18, mean age in AML vs frequency in normal blood,0.1764705882352941
8,18,mean age in AML vs estimated carcinogenic effect,-0.06914344685242518
8,19, mean age in AML vs frequency in normal blood,0.1754385964912281
8,19,mean age in AML vs estimated carcinogenic effect,-0.02280701754385965
8,20, mean age in AML vs frequency in normal blood,0.2586466165413534
8,20,mean age in AML vs estimated carcinogenic effect,-0.12330827067669173
8,21, mean age in AML vs frequency in normal blood,0.2090909090909091
8,21,mean age in AML vs estimated carcinogenic effect,-0.1077922077922078
8,22, mean age in AML vs frequency in normal blood,0.11010728402032749
8,22,mean age in AML vs estimated carcinogenic effect,-0.05251270468661773
8,23, mean age in AML vs frequency in normal blood,0.03260869565217391
8,23,mean age in AML vs estimated carcinogenic effect,-0.044466403162055336
8,24, mean age in AML vs frequency in normal blood,0.01826086956521739
8,24,mean age in AML vs estimated carcinogenic effect,-0.039999999999999994
8,25, mean age in AML vs frequency in normal blood,-0.03230769230769231
8,25,mean age in AML vs estimated carcinogenic effect,-0.04307692307692308
8,26, mean age in AML vs frequency in normal blood,-0.002393162393162393
8,26,mean age in AML vs estimated carcinogenic effect,-0.04888888888888888
8,27, mean age in AML vs frequency in normal blood,-0.005494505494505494
8,27,mean age in AML vs estimated carcinogenic effect,-0.0347985347985348
8,28, mean age in AML vs frequency in normal blood,-0.02791461412151067
8,28,mean age in AML vs estimated carcinogenic effect,-0.022988505747126436
8,29, mean age in AML vs frequency in normal blood,-0.04679802955665024
8,29,mean age in AML vs estimated carcinogenic effect,-0.02758620689655172
8,30, mean age in AML vs frequency in normal blood,-0.04427141268075639
8,30,mean age in AML vs estimated carcinogenic effect,-0.020689655172413793
9,10, mean age in AML vs frequency in normal blood,0.18787878787878787
9,10,mean age in AML vs estimated carcinogenic effect,-0.19999999999999996
9,11, mean age in AML vs frequency in normal blood,0.2636363636363636
9,11,mean age in AML vs estimated carcinogenic effect,-0.15454545454545454
9,12, mean age in AML vs frequency in normal blood,0.2517482517482518
9,12,mean age in AML vs estimated carcinogenic effect,-0.18881118881118883
9,13, mean age in AML vs frequency in normal blood,0.23626373626373628
9,13,mean age in AML vs estimated carcinogenic effect,-0.016483516483516484
9,14, mean age in AML vs frequency in normal blood,0.11648351648351647
9,14,mean age in AML vs estimated carcinogenic effect,-0.01098901098901099
9,15, mean age in AML vs frequency in normal blood,0.17857142857142855
9,15,mean age in AML vs estimated carcinogenic effect,-0.07857142857142856
9,16, mean age in AML vs frequency in normal blood,0.23823529411764707
9,16,mean age in AML vs estimated carcinogenic effect,-0.18529411764705883
9,17, mean age in AML vs frequency in normal blood,0.21813725490196081
9,17,mean age in AML vs estimated carcinogenic effect,-0.10049019607843139
9,18, mean age in AML vs frequency in normal blood,0.16408668730650156
9,18,mean age in AML vs estimated carcinogenic effect,-0.0608875128998968
9,19, mean age in AML vs frequency in normal blood,0.17192982456140352
9,19,mean age in AML vs estimated carcinogenic effect,-0.05438596491228071
9,20, mean age in AML vs frequency in normal blood,0.25263157894736843
9,20,mean age in AML vs estimated carcinogenic effect,-0.1473684210526316
9,21, mean age in AML vs frequency in normal blood,0.1142857142857143
9,21,mean age in AML vs estimated carcinogenic effect,-0.06233766233766234
9,22, mean age in AML vs frequency in normal blood,0.0784867306606437
9,22,mean age in AML vs estimated carcinogenic effect,-0.05025409373235459
9,23, mean age in AML vs frequency in normal blood,0.0691699604743083
9,23,mean age in AML vs estimated carcinogenic effect,-0.04051383399209486
9,24, mean age in AML vs frequency in normal blood,0.056521739130434775
9,24,mean age in AML vs estimated carcinogenic effect,8.695652173913042e-4
9,25, mean age in AML vs frequency in normal blood,-0.019230769230769232
9,25,mean age in AML vs estimated carcinogenic effect,0.012307692307692308
9,26, mean age in AML vs frequency in normal blood,-0.03316239316239316
9,26,mean age in AML vs estimated carcinogenic effect,0.015384615384615384
9,27, mean age in AML vs frequency in normal blood,-0.0989010989010989
9,27,mean age in AML vs estimated carcinogenic effect,0.05372405372405372
9,28, mean age in AML vs frequency in normal blood,-0.11877394636015323
9,28,mean age in AML vs estimated carcinogenic effect,0.11111111111111109
9,29, mean age in AML vs frequency in normal blood,-0.12019704433497534
9,29,mean age in AML vs estimated carcinogenic effect,0.11822660098522164
9,30, mean age in AML vs frequency in normal blood,-0.08520578420467187
9,30,mean age in AML vs estimated carcinogenic effect,0.08832035595105674
10,10, mean age in AML vs frequency in normal blood,0.07878787878787878
10,10,mean age in AML vs estimated carcinogenic effect,-0.10303030303030301
10,11, mean age in AML vs frequency in normal blood,0.13636363636363635
10,11,mean age in AML vs estimated carcinogenic effect,-0.08181818181818182
10,12, mean age in AML vs frequency in normal blood,0.13986013986013987
10,12,mean age in AML vs estimated carcinogenic effect,-0.1188811188811189
10,13, mean age in AML vs frequency in normal blood,0.1758241758241758
10,13,mean age in AML vs estimated carcinogenic effect,-0.14835164835164835
10,14, mean age in AML vs frequency in normal blood,0.07252747252747252
10,14,mean age in AML vs estimated carcinogenic effect,-0.12967032967032965
10,15, mean age in AML vs frequency in normal blood,0.04999999999999999
10,15,mean age in AML vs estimated carcinogenic effect,-0.010714285714285713
10,16, mean age in AML vs frequency in normal blood,0.055882352941176466
10,16,mean age in AML vs estimated carcinogenic effect,0.08235294117647059
10,17, mean age in AML vs frequency in normal blood,0.13235294117647062
10,17,mean age in AML vs estimated carcinogenic effect,-0.0465686274509804
10,18, mean age in AML vs frequency in normal blood,0.0629514963880289
10,18,mean age in AML vs estimated carcinogenic effect,0.015479876160990712
10,19, mean age in AML vs frequency in normal blood,0.01754385964912281
10,19,mean age in AML vs estimated carcinogenic effect,0.021052631578947368
10,20, mean age in AML vs frequency in normal blood,0.007518796992481203
10,20,mean age in AML vs estimated carcinogenic effect,0.03609022556390977
10,21, mean age in AML vs frequency in normal blood,0.03896103896103896
10,21,mean age in AML vs estimated carcinogenic effect,0.01948051948051948
10,22, mean age in AML vs frequency in normal blood,-0.015245623941276114
10,22,mean age in AML vs estimated carcinogenic effect,0.05025409373235459
10,23, mean age in AML vs frequency in normal blood,0.07806324110671936
10,23,mean age in AML vs estimated carcinogenic effect,-0.04743083003952569
10,24, mean age in AML vs frequency in normal blood,-0.027826086956521733
10,24,mean age in AML vs estimated carcinogenic effect,0.023478260869565216
10,25, mean age in AML vs frequency in normal blood,-0.09384615384615384
10,25,mean age in AML vs estimated carcinogenic effect,0.030000000000000002
10,26, mean age in AML vs frequency in normal blood,-0.06256410256410255
10,26,mean age in AML vs estimated carcinogenic effect,0.002393162393162393
10,27, mean age in AML vs frequency in normal blood,-0.08608058608058608
10,27,mean age in AML vs estimated carcinogenic effect,0.016483516483516484
10,28, mean age in AML vs frequency in normal blood,-0.10235358511220578
10,28,mean age in AML vs estimated carcinogenic effect,0.0569239189928845
10,29, mean age in AML vs frequency in normal blood,-0.17093596059113297
10,29,mean age in AML vs estimated carcinogenic effect,0.12266009852216746
10,30, mean age in AML vs frequency in normal blood,-0.1150166852057842
10,30,mean age in AML vs estimated carcinogenic effect,0.09054505005561736
11,10, mean age in AML vs frequency in normal blood,0.13939393939393938
11,10,mean age in AML vs estimated carcinogenic effect,0.054545454545454536
11,11, mean age in AML vs frequency in normal blood,0.09090909090909091
11,11,mean age in AML vs estimated carcinogenic effect,-0.045454545454545456
11,12, mean age in AML vs frequency in normal blood,0.1328671328671329
11,12,mean age in AML vs estimated carcinogenic effect,-0.06293706293706294
11,13, mean age in AML vs frequency in normal blood,0.16483516483516483
11,13,mean age in AML vs estimated carcinogenic effect,-0.09890109890109891
11,14, mean age in AML vs frequency in normal blood,0.15604395604395604
11,14,mean age in AML vs estimated carcinogenic effect,0.006593406593406593
11,15, mean age in AML vs frequency in normal blood,0.04285714285714285
11,15,mean age in AML vs estimated carcinogenic effect,0.028571428571428564
11,16, mean age in AML vs frequency in normal blood,0.05294117647058823
11,16,mean age in AML vs estimated carcinogenic effect,0.1176470588235294
11,17, mean age in AML vs frequency in normal blood,-0.03186274509803922
11,17,mean age in AML vs estimated carcinogenic effect,0.18382352941176472
11,18, mean age in AML vs frequency in normal blood,0.058823529411764705
11,18,mean age in AML vs estimated carcinogenic effect,0.04024767801857585
11,19, mean age in AML vs frequency in normal blood,0.012280701754385967
11,19,mean age in AML vs estimated carcinogenic effect,0.0456140350877193
11,20, mean age in AML vs frequency in normal blood,0.0015037593984962405
11,20,mean age in AML vs estimated carcinogenic effect,0.05413533834586466
11,21, mean age in AML vs frequency in normal blood,0.03376623376623377
11,21,mean age in AML vs estimated carcinogenic effect,0.03506493506493507
11,22, mean age in AML vs frequency in normal blood,0.01976284584980237
11,22,mean age in AML vs estimated carcinogenic effect,0.09768492377188027
11,23, mean age in AML vs frequency in normal blood,-0.03260869565217391
11,23,mean age in AML vs estimated carcinogenic effect,0.12154150197628458
11,24, mean age in AML vs frequency in normal blood,-0.11652173913043477
11,24,mean age in AML vs estimated carcinogenic effect,0.13739130434782607
11,25, mean age in AML vs frequency in normal blood,-0.2123076923076923
11,25,mean age in AML vs estimated carcinogenic effect,0.20153846153846153
11,26, mean age in AML vs frequency in normal blood,-0.2157264957264957
11,26,mean age in AML vs estimated carcinogenic effect,0.1904273504273504
11,27, mean age in AML vs frequency in normal blood,-0.1105006105006105
11,27,mean age in AML vs estimated carcinogenic effect,0.08608058608058608
11,28, mean age in AML vs frequency in normal blood,-0.08483853311439517
11,28,mean age in AML vs estimated carcinogenic effect,0.06075533661740557
11,29, mean age in AML vs frequency in normal blood,-0.1364532019704433
11,29,mean age in AML vs estimated carcinogenic effect,0.10886699507389161
11,30, mean age in AML vs frequency in normal blood,-0.08120133481646273
11,30,mean age in AML vs estimated carcinogenic effect,0.07586206896551724
12,10, mean age in AML vs frequency in normal blood,0.11515151515151514
12,10,mean age in AML vs estimated carcinogenic effect,-0.13939393939393938
12,11, mean age in AML vs frequency in normal blood,0.14545454545454548
12,11,mean age in AML vs estimated carcinogenic effect,-0.13636363636363635
12,12, mean age in AML vs frequency in normal blood,0.16783216783216784
12,12,mean age in AML vs estimated carcinogenic effect,-0.14685314685314688
12,13, mean age in AML vs frequency in normal blood,0.19780219780219782
12,13,mean age in AML vs estimated carcinogenic effect,-0.1098901098901099
12,14, mean age in AML vs frequency in normal blood,0.2087912087912088
12,14,mean age in AML vs estimated carcinogenic effect,-0.03296703296703296
12,15, mean age in AML vs frequency in normal blood,0.12499999999999997
12,15,mean age in AML vs estimated carcinogenic effect,-0.028571428571428564
12,16, mean age in AML vs frequency in normal blood,0.10882352941176471
12,16,mean age in AML vs estimated carcinogenic effect,0.05294117647058823
12,17, mean age in AML vs frequency in normal blood,-0.022058823529411766
12,17,mean age in AML vs estimated carcinogenic effect,0.1519607843137255
12,18, mean age in AML vs frequency in normal blood,-0.04850361197110423
12,18,mean age in AML vs estimated carcinogenic effect,0.14963880288957687
12,19, mean age in AML vs frequency in normal blood,0.0824561403508772
12,19,mean age in AML vs estimated carcinogenic effect,-0.01754385964912281
12,20, mean age in AML vs frequency in normal blood,0.03609022556390977
12,20,mean age in AML vs estimated carcinogenic effect,-0.009022556390977442
12,21, mean age in AML vs frequency in normal blood,0.06103896103896104
12,21,mean age in AML vs estimated carcinogenic effect,-0.01948051948051948
12,22, mean age in AML vs frequency in normal blood,-0.007340485601355166
12,22,mean age in AML vs estimated carcinogenic effect,0.007340485601355166
12,23, mean age in AML vs frequency in normal blood,-0.12648221343873517
12,23,mean age in AML vs estimated carcinogenic effect,0.09189723320158104
12,24, mean age in AML vs frequency in normal blood,-0.208695652173913
12,24,mean age in AML vs estimated carcinogenic effect,0.14956521739130432
12,25, mean age in AML vs frequency in normal blood,-0.21384615384615388
12,25,mean age in AML vs estimated carcinogenic effect,0.2
12,26, mean age in AML vs frequency in normal blood,-0.17538461538461536
12,26,mean age in AML vs estimated carcinogenic effect,0.1617094017094017
12,27, mean age in AML vs frequency in normal blood,-0.08119658119658119
12,27,mean age in AML vs estimated carcinogenic effect,0.06776556776556776
12,28, mean age in AML vs frequency in normal blood,-0.08264915161466885
12,28,mean age in AML vs estimated carcinogenic effect,0.055281882868089764
12,29, mean age in AML vs frequency in normal blood,-0.15172413793103445
12,29,mean age in AML vs estimated carcinogenic effect,0.1251231527093596
12,30, mean age in AML vs frequency in normal blood,-0.11323692992213572
12,30,mean age in AML vs estimated carcinogenic effect,0.035372636262513905
13,10, mean age in AML vs frequency in normal blood,-0.018181818181818177
13,10,mean age in AML vs estimated carcinogenic effect,-0.2121212121212121
13,11, mean age in AML vs frequency in normal blood,0.07272727272727274
13,11,mean age in AML vs estimated carcinogenic effect,-0.22727272727272727
13,12, mean age in AML vs frequency in normal blood,0.1118881118881119
13,12,mean age in AML vs estimated carcinogenic effect,-0.16783216783216784
13,13, mean age in AML vs frequency in normal blood,0.15384615384615385
13,13,mean age in AML vs estimated carcinogenic effect,-0.1813186813186813
13,14, mean age in AML vs frequency in normal blood,0.13846153846153844
13,14,mean age in AML vs estimated carcinogenic effect,-0.17802197802197803
13,15, mean age in AML vs frequency in normal blood,0.1357142857142857
13,15,mean age in AML vs estimated carcinogenic effect,-0.0857142857142857
13,16, mean age in AML vs frequency in normal blood,0.12352941176470587
13,16,mean age in AML vs estimated carcinogenic effect,-0.08235294117647059
13,17, mean age in AML vs frequency in normal blood,-0.007352941176470589
13,17,mean age in AML vs estimated carcinogenic effect,0.03921568627450981
13,18, mean age in AML vs frequency in normal blood,0.02786377708978328
13,18,mean age in AML vs estimated carcinogenic effect,0.0196078431372549
13,19, mean age in AML vs frequency in normal blood,-0.0017543859649122807
13,19,mean age in AML vs estimated carcinogenic effect,0.09649122807017543
13,20, mean age in AML vs frequency in normal blood,0.1037593984962406
13,20,mean age in AML vs estimated carcinogenic effect,-0.04360902255639098
13,21, mean age in AML vs frequency in normal blood,0.07792207792207792
13,21,mean age in AML vs estimated carcinogenic effect,-0.03896103896103896
13,22, mean age in AML vs frequency in normal blood,0.04347826086956521
13,22,mean age in AML vs estimated carcinogenic effect,-0.03105590062111801
13,23, mean age in AML vs frequency in normal blood,-0.08300395256916997
13,23,mean age in AML vs estimated carcinogenic effect,0.0800395256916996
13,24, mean age in AML vs frequency in normal blood,-0.16173913043478258
13,24,mean age in AML vs estimated carcinogenic effect,0.1269565217391304
13,25, mean age in AML vs frequency in normal blood,-0.12076923076923078
13,25,mean age in AML vs estimated carcinogenic effect,0.08538461538461539
13,26, mean age in AML vs frequency in normal blood,-0.031111111111111107
13,26,mean age in AML vs estimated carcinogenic effect,-0.0010256410256410254
13,27, mean age in AML vs frequency in normal blood,-0.04700854700854701
13,27,mean age in AML vs estimated carcinogenic effect,0.05067155067155067
13,28, mean age in AML vs frequency in normal blood,-0.02736726874657909
13,28,mean age in AML vs estimated carcinogenic effect,-0.012588943623426382
13,29, mean age in AML vs frequency in normal blood,-0.03054187192118226
13,29,mean age in AML vs estimated carcinogenic effect,-0.021182266009852214
13,30, mean age in AML vs frequency in normal blood,-0.08787541713014461
13,30,mean age in AML vs estimated carcinogenic effect,0.03759733036707453
14,10, mean age in AML vs frequency in normal blood,-0.054545454545454536
14,10,mean age in AML vs estimated carcinogenic effect,-0.13939393939393938
14,11, mean age in AML vs frequency in normal blood,0.009090909090909092
14,11,mean age in AML vs estimated carcinogenic effect,-0.19090909090909092
14,12, mean age in AML vs frequency in normal blood,0.05594405594405595
14,12,mean age in AML vs estimated carcinogenic effect,-0.1328671328671329
14,13, mean age in AML vs frequency in normal blood,0.1043956043956044
14,13,mean age in AML vs estimated carcinogenic effect,-0.14835164835164835
14,14, mean age in AML vs frequency in normal blood,0.0945054945054945
14,14,mean age in AML vs estimated carcinogenic effect,-0.14725274725274726
14,15, mean age in AML vs frequency in normal blood,0.09642857142857142
14,15,mean age in AML vs estimated carcinogenic effect,-0.05714285714285713
14,16, mean age in AML vs frequency in normal blood,0.08823529411764705
14,16,mean age in AML vs estimated carcinogenic effect,-0.055882352941176466
14,17, mean age in AML vs frequency in normal blood,-0.03676470588235295
14,17,mean age in AML vs estimated carcinogenic effect,0.06127450980392158
14,18, mean age in AML vs frequency in normal blood,0.0030959752321981426
14,18,mean age in AML vs estimated carcinogenic effect,0.038183694530443756
14,19, mean age in AML vs frequency in normal blood,-0.024561403508771933
14,19,mean age in AML vs estimated carcinogenic effect,0.11403508771929825
14,20, mean age in AML vs frequency in normal blood,0.05864661654135339
14,20,mean age in AML vs estimated carcinogenic effect,0
14,21, mean age in AML vs frequency in normal blood,0.03636363636363636
14,21,mean age in AML vs estimated carcinogenic effect,0.0012987012987012987
14,22, mean age in AML vs frequency in normal blood,0.006211180124223602
14,22,mean age in AML vs estimated carcinogenic effect,0.0016939582156973458
14,23, mean age in AML vs frequency in normal blood,-0.11660079051383399
14,23,mean age in AML vs estimated carcinogenic effect,0.10869565217391304
14,24, mean age in AML vs frequency in normal blood,-0.19391304347826083
14,24,mean age in AML vs estimated carcinogenic effect,0.15739130434782608
14,25, mean age in AML vs frequency in normal blood,-0.15923076923076923
14,25,mean age in AML vs estimated carcinogenic effect,0.08384615384615386
14,26, mean age in AML vs frequency in normal blood,-0.11179487179487178
14,26,mean age in AML vs estimated carcinogenic effect,0.037948717948717944
14,27, mean age in AML vs frequency in normal blood,-0.02442002442002442
14,27,mean age in AML vs estimated carcinogenic effect,-0.04212454212454212
14,28, mean age in AML vs frequency in normal blood,-0.03229337712096333
14,28,mean age in AML vs estimated carcinogenic effect,-0.04269293924466338
14,29, mean age in AML vs frequency in normal blood,-0.05517241379310344
14,29,mean age in AML vs estimated carcinogenic effect,0.014285714285714284
14,30, mean age in AML vs frequency in normal blood,-0.10923248053392658
14,30,mean age in AML vs estimated carcinogenic effect,0.07096774193548387
15,10, mean age in AML vs frequency in normal blood,0.00606060606060606
15,10,mean age in AML vs estimated carcinogenic effect,-0.17575757575757575
15,11, mean age in AML vs frequency in normal blood,0.03636363636363637
15,11,mean age in AML vs estimated carcinogenic effect,-0.16363636363636364
15,12, mean age in AML vs frequency in normal blood,0.08391608391608392
15,12,mean age in AML vs estimated carcinogenic effect,-0.1118881118881119
15,13, mean age in AML vs frequency in normal blood,0.13186813186813187
15,13,mean age in AML vs estimated carcinogenic effect,-0.13186813186813187
15,14, mean age in AML vs frequency in normal blood,0.11208791208791208
15,14,mean age in AML vs estimated carcinogenic effect,-0.054945054945054944
15,15, mean age in AML vs frequency in normal blood,0.09285714285714285
15,15,mean age in AML vs estimated carcinogenic effect,-0.05357142857142856
15,16, mean age in AML vs frequency in normal blood,-0.07941176470588235
15,16,mean age in AML vs estimated carcinogenic effect,0.10294117647058823
15,17, mean age in AML vs frequency in normal blood,-0.07107843137254903
15,17,mean age in AML vs estimated carcinogenic effect,0.09558823529411765
15,18, mean age in AML vs frequency in normal blood,-0.04850361197110423
15,18,mean age in AML vs estimated carcinogenic effect,0.06501547987616099
15,19, mean age in AML vs frequency in normal blood,-0.03508771929824562
15,19,mean age in AML vs estimated carcinogenic effect,0.0035087719298245615
15,20, mean age in AML vs frequency in normal blood,0.02706766917293233
15,20,mean age in AML vs estimated carcinogenic effect,-0.061654135338345864
15,21, mean age in AML vs frequency in normal blood,0.02077922077922078
15,21,mean age in AML vs estimated carcinogenic effect,-0.06753246753246754
15,22, mean age in AML vs frequency in normal blood,0.01411631846414455
15,22,mean age in AML vs estimated carcinogenic effect,-0.017504234895539244
15,23, mean age in AML vs frequency in normal blood,-0.005928853754940711
15,23,mean age in AML vs estimated carcinogenic effect,-0.019762845849802372
15,24, mean age in AML vs frequency in normal blood,-0.11130434782608693
15,24,mean age in AML vs estimated carcinogenic effect,0.07217391304347825
15,25, mean age in AML vs frequency in normal blood,-0.17692307692307693
15,25,mean age in AML vs estimated carcinogenic effect,0.11461538461538462
15,26, mean age in AML vs frequency in normal blood,-0.12478632478632477
15,26,mean age in AML vs estimated carcinogenic effect,0.06119658119658119
15,27, mean age in AML vs frequency in normal blood,-0.036019536019536016
15,27,mean age in AML vs estimated carcinogenic effect,-0.021367521367521368
15,28, mean age in AML vs frequency in normal blood,-0.042145593869731796
15,28,mean age in AML vs estimated carcinogenic effect,-0.02463054187192118
15,29, mean age in AML vs frequency in normal blood,-0.06354679802955664
15,29,mean age in AML vs estimated carcinogenic effect,0.032512315270935954
15,30, mean age in AML vs frequency in normal blood,-0.12880978865406006
15,30,mean age in AML vs estimated carcinogenic effect,0.09766407119021134
16,10, mean age in AML vs frequency in normal blood,0.0303030303030303
16,10,mean age in AML vs estimated carcinogenic effect,-0.19999999999999996
16,11, mean age in AML vs frequency in normal blood,0.06363636363636363
16,11,mean age in AML vs estimated carcinogenic effect,-0.10909090909090909
16,12, mean age in AML vs frequency in normal blood,0.1048951048951049
16,12,mean age in AML vs estimated carcinogenic effect,-0.1188811188811189
16,13, mean age in AML vs frequency in normal blood,0.19230769230769232
16,13,mean age in AML vs estimated carcinogenic effect,-0.1813186813186813
16,14, mean age in AML vs frequency in normal blood,0.2
16,14,mean age in AML vs estimated carcinogenic effect,-0.20439560439560442
16,15, mean age in AML vs frequency in normal blood,0.19285714285714284
16,15,mean age in AML vs estimated carcinogenic effect,-0.2107142857142857
16,16, mean age in AML vs frequency in normal blood,0.15
16,16,mean age in AML vs estimated carcinogenic effect,-0.12352941176470587
16,17, mean age in AML vs frequency in normal blood,-0.02450980392156863
16,17,mean age in AML vs estimated carcinogenic effect,0.03921568627450981
16,18, mean age in AML vs frequency in normal blood,-0.009287925696594427
16,18,mean age in AML vs estimated carcinogenic effect,0.017543859649122806
16,19, mean age in AML vs frequency in normal blood,-0.0736842105263158
16,19,mean age in AML vs estimated carcinogenic effect,0.10350877192982456
16,20, mean age in AML vs frequency in normal blood,-0.06466165413533835
16,20,mean age in AML vs estimated carcinogenic effect,0.09473684210526316
16,21, mean age in AML vs frequency in normal blood,-0.1077922077922078
16,21,mean age in AML vs estimated carcinogenic effect,0.10129870129870129
16,22, mean age in AML vs frequency in normal blood,-0.12478825522303781
16,22,mean age in AML vs estimated carcinogenic effect,0.09655561829474871
16,23, mean age in AML vs frequency in normal blood,-0.12845849802371542
16,23,mean age in AML vs estimated carcinogenic effect,0.15612648221343872
16,24, mean age in AML vs frequency in normal blood,-0.23130434782608691
16,24,mean age in AML vs estimated carcinogenic effect,0.2417391304347826
16,25, mean age in AML vs frequency in normal blood,-0.2946153846153846
16,25,mean age in AML vs estimated carcinogenic effect,0.2776923076923077
16,26, mean age in AML vs frequency in normal blood,-0.2451282051282051
16,26,mean age in AML vs estimated carcinogenic effect,0.22393162393162389
16,27, mean age in AML vs frequency in normal blood,-0.14468864468864467
16,27,mean age in AML vs estimated carcinogenic effect,0.12576312576312576
16,28, mean age in AML vs frequency in normal blood,-0.15654077723043242
16,28,mean age in AML vs estimated carcinogenic effect,0.12534209085933223
16,29, mean age in AML vs frequency in normal blood,-0.16945812807881772
16,29,mean age in AML vs estimated carcinogenic effect,0.17241379310344823
16,30, mean age in AML vs frequency in normal blood,-0.23292547274749723
16,30,mean age in AML vs estimated carcinogenic effect,0.23381535038932147
17,10, mean age in AML vs frequency in normal blood,0.0303030303030303
17,10,mean age in AML vs estimated carcinogenic effect,-0.19999999999999996
17,11, mean age in AML vs frequency in normal blood,0.06363636363636363
17,11,mean age in AML vs estimated carcinogenic effect,-0.10909090909090909
17,12, mean age in AML vs frequency in normal blood,0.1048951048951049
17,12,mean age in AML vs estimated carcinogenic effect,-0.1188811188811189
17,13, mean age in AML vs frequency in normal blood,0.19230769230769232
17,13,mean age in AML vs estimated carcinogenic effect,-0.1813186813186813
17,14, mean age in AML vs frequency in normal blood,0.2
17,14,mean age in AML vs estimated carcinogenic effect,-0.20439560439560442
17,15, mean age in AML vs frequency in normal blood,0.16428571428571426
17,15,mean age in AML vs estimated carcinogenic effect,-0.1214285714285714
17,16, mean age in AML vs frequency in normal blood,0.15
17,16,mean age in AML vs estimated carcinogenic effect,-0.12352941176470587
17,17, mean age in AML vs frequency in normal blood,-0.02450980392156863
17,17,mean age in AML vs estimated carcinogenic effect,0.03921568627450981
17,18, mean age in AML vs frequency in normal blood,-0.08152734778121776
17,18,mean age in AML vs estimated carcinogenic effect,0.12074303405572756
17,19, mean age in AML vs frequency in normal blood,-0.0736842105263158
17,19,mean age in AML vs estimated carcinogenic effect,0.10350877192982456
17,20, mean age in AML vs frequency in normal blood,-0.06466165413533835
17,20,mean age in AML vs estimated carcinogenic effect,0.09473684210526316
17,21, mean age in AML vs frequency in normal blood,-0.1077922077922078
17,21,mean age in AML vs estimated carcinogenic effect,0.10129870129870129
17,22, mean age in AML vs frequency in normal blood,-0.12478825522303781
17,22,mean age in AML vs estimated carcinogenic effect,0.09655561829474871
17,23, mean age in AML vs frequency in normal blood,-0.12845849802371542
17,23,mean age in AML vs estimated carcinogenic effect,0.15612648221343872
17,24, mean age in AML vs frequency in normal blood,-0.23130434782608691
17,24,mean age in AML vs estimated carcinogenic effect,0.2417391304347826
17,25, mean age in AML vs frequency in normal blood,-0.2946153846153846
17,25,mean age in AML vs estimated carcinogenic effect,0.2776923076923077
17,26, mean age in AML vs frequency in normal blood,-0.2519658119658119
17,26,mean age in AML vs estimated carcinogenic effect,0.23418803418803416
17,27, mean age in AML vs frequency in normal blood,-0.152014652014652
17,27,mean age in AML vs estimated carcinogenic effect,0.13614163614163613
17,28, mean age in AML vs frequency in normal blood,-0.16420361247947454
17,28,mean age in AML vs estimated carcinogenic effect,0.13574165298303228
17,29, mean age in AML vs frequency in normal blood,-0.17635467980295563
17,29,mean age in AML vs estimated carcinogenic effect,0.1817733990147783
17,30, mean age in AML vs frequency in normal blood,-0.2395995550611791
17,30,mean age in AML vs estimated carcinogenic effect,0.24360400444938823
18,10, mean age in AML vs frequency in normal blood,0.0303030303030303
18,10,mean age in AML vs estimated carcinogenic effect,-0.19999999999999996
18,11, mean age in AML vs frequency in normal blood,0.06363636363636363
18,11,mean age in AML vs estimated carcinogenic effect,-0.10909090909090909
18,12, mean age in AML vs frequency in normal blood,0.04195804195804196
18,12,mean age in AML vs estimated carcinogenic effect,0.006993006993006994
18,13, mean age in AML vs frequency in normal blood,0.07142857142857142
18,13,mean age in AML vs estimated carcinogenic effect,-0.005494505494505494
18,14, mean age in AML vs frequency in normal blood,0.16483516483516483
18,14,mean age in AML vs estimated carcinogenic effect,-0.09010989010989011
18,15, mean age in AML vs frequency in normal blood,0.16428571428571426
18,15,mean age in AML vs estimated carcinogenic effect,-0.1107142857142857
18,16, mean age in AML vs frequency in normal blood,0.15
18,16,mean age in AML vs estimated carcinogenic effect,-0.11470588235294117
18,17, mean age in AML vs frequency in normal blood,0.1544117647058824
18,17,mean age in AML vs estimated carcinogenic effect,-0.12745098039215688
18,18, mean age in AML vs frequency in normal blood,-0.011351909184726523
18,18,mean age in AML vs estimated carcinogenic effect,0.029927760577915376
18,19, mean age in AML vs frequency in normal blood,0.007017543859649123
18,19,mean age in AML vs estimated carcinogenic effect,0.005263157894736842
18,20, mean age in AML vs frequency in normal blood,-0.06015037593984962
18,20,mean age in AML vs estimated carcinogenic effect,0.09172932330827069
18,21, mean age in AML vs frequency in normal blood,-0.1038961038961039
18,21,mean age in AML vs estimated carcinogenic effect,0.09870129870129869
18,22, mean age in AML vs frequency in normal blood,-0.10446075663466968
18,22,mean age in AML vs estimated carcinogenic effect,0.15753811405985318
18,23, mean age in AML vs frequency in normal blood,-0.21442687747035571
18,23,mean age in AML vs estimated carcinogenic effect,0.24604743083003952
18,24, mean age in AML vs frequency in normal blood,-0.22869565217391302
18,24,mean age in AML vs estimated carcinogenic effect,0.23913043478260868
18,25, mean age in AML vs frequency in normal blood,-0.24846153846153848
18,25,mean age in AML vs estimated carcinogenic effect,0.24153846153846156
18,26, mean age in AML vs frequency in normal blood,-0.30393162393162393
18,26,mean age in AML vs estimated carcinogenic effect,0.27316239316239316
18,27, mean age in AML vs frequency in normal blood,-0.26068376068376065
18,27,mean age in AML vs estimated carcinogenic effect,0.22954822954822954
18,28, mean age in AML vs frequency in normal blood,-0.1625615763546798
18,28,mean age in AML vs estimated carcinogenic effect,0.13409961685823754
18,29, mean age in AML vs frequency in normal blood,-0.22807881773399008
18,29,mean age in AML vs estimated carcinogenic effect,0.20147783251231524
18,30, mean age in AML vs frequency in normal blood,-0.23826473859844272
18,30,mean age in AML vs estimated carcinogenic effect,0.2422691879866518
19,10, mean age in AML vs frequency in normal blood,0.00606060606060606
19,10,mean age in AML vs estimated carcinogenic effect,-0.17575757575757575
19,11, mean age in AML vs frequency in normal blood,0.09090909090909091
19,11,mean age in AML vs estimated carcinogenic effect,-0.10909090909090909
19,12, mean age in AML vs frequency in normal blood,0.06993006993006994
19,12,mean age in AML vs estimated carcinogenic effect,0
19,13, mean age in AML vs frequency in normal blood,0.09890109890109891
19,13,mean age in AML vs estimated carcinogenic effect,0.010989010989010988
19,14, mean age in AML vs frequency in normal blood,0.18241758241758244
19,14,mean age in AML vs estimated carcinogenic effect,-0.06813186813186813
19,15, mean age in AML vs frequency in normal blood,0.1821428571428571
19,15,mean age in AML vs estimated carcinogenic effect,-0.09285714285714285
19,16, mean age in AML vs frequency in normal blood,0.16470588235294117
19,16,mean age in AML vs estimated carcinogenic effect,-0.09705882352941177
19,17, mean age in AML vs frequency in normal blood,0.09558823529411765
19,17,mean age in AML vs estimated carcinogenic effect,-0.03676470588235295
19,18, mean age in AML vs frequency in normal blood,-0.0629514963880289
19,18,mean age in AML vs estimated carcinogenic effect,0.10835913312693499
19,19, mean age in AML vs frequency in normal blood,-0.05964912280701755
19,19,mean age in AML vs estimated carcinogenic effect,0.10350877192982456
19,20, mean age in AML vs frequency in normal blood,-0.04962406015037594
19,20,mean age in AML vs estimated carcinogenic effect,0.08270676691729324
19,21, mean age in AML vs frequency in normal blood,-0.048051948051948054
19,21,mean age in AML vs estimated carcinogenic effect,0.14025974025974028
19,22, mean age in AML vs frequency in normal blood,-0.09542631281761715
19,22,mean age in AML vs estimated carcinogenic effect,0.14511575381140596
19,23, mean age in AML vs frequency in normal blood,-0.20652173913043478
19,23,mean age in AML vs estimated carcinogenic effect,0.2341897233201581
19,24, mean age in AML vs frequency in normal blood,-0.22173913043478258
19,24,mean age in AML vs estimated carcinogenic effect,0.22869565217391302
19,25, mean age in AML vs frequency in normal blood,-0.18692307692307694
19,25,mean age in AML vs estimated carcinogenic effect,0.19153846153846155
19,26, mean age in AML vs frequency in normal blood,-0.20547008547008544
19,26,mean age in AML vs estimated carcinogenic effect,0.19316239316239314
19,27, mean age in AML vs frequency in normal blood,-0.2557997557997558
19,27,mean age in AML vs estimated carcinogenic effect,0.2216117216117216
19,28, mean age in AML vs frequency in normal blood,-0.15818281335522713
19,28,mean age in AML vs estimated carcinogenic effect,0.12698412698412698
19,29, mean age in AML vs frequency in normal blood,-0.2241379310344827
19,29,mean age in AML vs estimated carcinogenic effect,0.19556650246305415
19,30, mean age in AML vs frequency in normal blood,-0.2342602892102336
19,30,mean age in AML vs estimated carcinogenic effect,0.23692992213570635
20,10, mean age in AML vs frequency in normal blood,0.00606060606060606
20,10,mean age in AML vs estimated carcinogenic effect,-0.17575757575757575
20,11, mean age in AML vs frequency in normal blood,0.09090909090909091
20,11,mean age in AML vs estimated carcinogenic effect,-0.10909090909090909
20,12, mean age in AML vs frequency in normal blood,0.06993006993006994
20,12,mean age in AML vs estimated carcinogenic effect,0
20,13, mean age in AML vs frequency in normal blood,0.09890109890109891
20,13,mean age in AML vs estimated carcinogenic effect,0.010989010989010988
20,14, mean age in AML vs frequency in normal blood,0.18241758241758244
20,14,mean age in AML vs estimated carcinogenic effect,-0.06813186813186813
20,15, mean age in AML vs frequency in normal blood,0.1821428571428571
20,15,mean age in AML vs estimated carcinogenic effect,-0.09285714285714285
20,16, mean age in AML vs frequency in normal blood,0.16470588235294117
20,16,mean age in AML vs estimated carcinogenic effect,-0.09705882352941177
20,17, mean age in AML vs frequency in normal blood,0.09558823529411765
20,17,mean age in AML vs estimated carcinogenic effect,-0.03676470588235295
20,18, mean age in AML vs frequency in normal blood,-0.0629514963880289
20,18,mean age in AML vs estimated carcinogenic effect,0.10835913312693499
20,19, mean age in AML vs frequency in normal blood,-0.05964912280701755
20,19,mean age in AML vs estimated carcinogenic effect,0.10350877192982456
20,20, mean age in AML vs frequency in normal blood,-0.04962406015037594
20,20,mean age in AML vs estimated carcinogenic effect,0.08270676691729324
20,21, mean age in AML vs frequency in normal blood,-0.048051948051948054
20,21,mean age in AML vs estimated carcinogenic effect,0.14025974025974028
20,22, mean age in AML vs frequency in normal blood,-0.09542631281761715
20,22,mean age in AML vs estimated carcinogenic effect,0.14511575381140596
20,23, mean age in AML vs frequency in normal blood,-0.20652173913043478
20,23,mean age in AML vs estimated carcinogenic effect,0.2341897233201581
20,24, mean age in AML vs frequency in normal blood,-0.22173913043478258
20,24,mean age in AML vs estimated carcinogenic effect,0.22869565217391302
20,25, mean age in AML vs frequency in normal blood,-0.18692307692307694
20,25,mean age in AML vs estimated carcinogenic effect,0.19153846153846155
20,26, mean age in AML vs frequency in normal blood,-0.20547008547008544
20,26,mean age in AML vs estimated carcinogenic effect,0.19316239316239314
20,27, mean age in AML vs frequency in normal blood,-0.2557997557997558
20,27,mean age in AML vs estimated carcinogenic effect,0.2216117216117216
20,28, mean age in AML vs frequency in normal blood,-0.15818281335522713
20,28,mean age in AML vs estimated carcinogenic effect,0.12698412698412698
20,29, mean age in AML vs frequency in normal blood,-0.2241379310344827
20,29,mean age in AML vs estimated carcinogenic effect,0.19556650246305415
20,30, mean age in AML vs frequency in normal blood,-0.2342602892102336
20,30,mean age in AML vs estimated carcinogenic effect,0.23692992213570635
21,10, mean age in AML vs frequency in normal blood,-0.018181818181818177
21,10,mean age in AML vs estimated carcinogenic effect,-0.00606060606060606
21,11, mean age in AML vs frequency in normal blood,-0.018181818181818184
21,11,mean age in AML vs estimated carcinogenic effect,-0.02727272727272727
21,12, mean age in AML vs frequency in normal blood,0.09090909090909093
21,12,mean age in AML vs estimated carcinogenic effect,-0.15384615384615385
21,13, mean age in AML vs frequency in normal blood,0.16483516483516483
21,13,mean age in AML vs estimated carcinogenic effect,-0.13186813186813187
21,14, mean age in AML vs frequency in normal blood,0.19120879120879122
21,14,mean age in AML vs estimated carcinogenic effect,-0.11648351648351647
21,15, mean age in AML vs frequency in normal blood,0.18928571428571425
21,15,mean age in AML vs estimated carcinogenic effect,-0.1357142857142857
21,16, mean age in AML vs frequency in normal blood,0.17058823529411765
21,16,mean age in AML vs estimated carcinogenic effect,-0.13529411764705881
21,17, mean age in AML vs frequency in normal blood,0.09803921568627452
21,17,mean age in AML vs estimated carcinogenic effect,-0.06862745098039216
21,18, mean age in AML vs frequency in normal blood,-0.0608875128998968
21,18,mean age in AML vs estimated carcinogenic effect,0.08152734778121776
21,19, mean age in AML vs frequency in normal blood,-0.05789473684210526
21,19,mean age in AML vs estimated carcinogenic effect,0.07894736842105264
21,20, mean age in AML vs frequency in normal blood,-0.048120300751879695
21,20,mean age in AML vs estimated carcinogenic effect,0.06015037593984962
21,21, mean age in AML vs frequency in normal blood,-0.09350649350649351
21,21,mean age in AML vs estimated carcinogenic effect,0.06623376623376623
21,22, mean age in AML vs frequency in normal blood,-0.09429700734048559
21,22,mean age in AML vs estimated carcinogenic effect,0.1315640880858272
21,23, mean age in AML vs frequency in normal blood,-0.20553359683794467
21,23,mean age in AML vs estimated carcinogenic effect,0.22233201581027667
21,24, mean age in AML vs frequency in normal blood,-0.17391304347826084
21,24,mean age in AML vs estimated carcinogenic effect,0.18869565217391301
21,25, mean age in AML vs frequency in normal blood,-0.19384615384615386
21,25,mean age in AML vs estimated carcinogenic effect,0.18923076923076923
21,26, mean age in AML vs frequency in normal blood,-0.23418803418803416
21,26,mean age in AML vs estimated carcinogenic effect,0.20615384615384613
21,27, mean age in AML vs frequency in normal blood,-0.24358974358974358
21,27,mean age in AML vs estimated carcinogenic effect,0.2026862026862027
21,28, mean age in AML vs frequency in normal blood,-0.14723590585659552
21,28,mean age in AML vs estimated carcinogenic effect,0.11056376573617953
21,29, mean age in AML vs frequency in normal blood,-0.21428571428571425
21,29,mean age in AML vs estimated carcinogenic effect,0.18078817733990146
21,30, mean age in AML vs frequency in normal blood,-0.22491657397107895
21,30,mean age in AML vs estimated carcinogenic effect,0.22269187986651834
22,10, mean age in AML vs frequency in normal blood,-0.018181818181818177
22,10,mean age in AML vs estimated carcinogenic effect,-0.00606060606060606
22,11, mean age in AML vs frequency in normal blood,-0.018181818181818184
22,11,mean age in AML vs estimated carcinogenic effect,-0.02727272727272727
22,12, mean age in AML vs frequency in normal blood,0.09090909090909093
22,12,mean age in AML vs estimated carcinogenic effect,-0.15384615384615385
22,13, mean age in AML vs frequency in normal blood,0.16483516483516483
22,13,mean age in AML vs estimated carcinogenic effect,-0.13186813186813187
22,14, mean age in AML vs frequency in normal blood,0.19120879120879122
22,14,mean age in AML vs estimated carcinogenic effect,-0.11648351648351647
22,15, mean age in AML vs frequency in normal blood,0.18928571428571425
22,15,mean age in AML vs estimated carcinogenic effect,-0.1357142857142857
22,16, mean age in AML vs frequency in normal blood,0.17058823529411765
22,16,mean age in AML vs estimated carcinogenic effect,-0.13529411764705881
22,17, mean age in AML vs frequency in normal blood,0.09803921568627452
22,17,mean age in AML vs estimated carcinogenic effect,-0.06862745098039216
22,18, mean age in AML vs frequency in normal blood,-0.0608875128998968
22,18,mean age in AML vs estimated carcinogenic effect,0.08152734778121776
22,19, mean age in AML vs frequency in normal blood,-0.05789473684210526
22,19,mean age in AML vs estimated carcinogenic effect,0.07894736842105264
22,20, mean age in AML vs frequency in normal blood,-0.048120300751879695
22,20,mean age in AML vs estimated carcinogenic effect,0.06015037593984962
22,21, mean age in AML vs frequency in normal blood,-0.09350649350649351
22,21,mean age in AML vs estimated carcinogenic effect,0.06623376623376623
22,22, mean age in AML vs frequency in normal blood,-0.09429700734048559
22,22,mean age in AML vs estimated carcinogenic effect,0.1315640880858272
22,23, mean age in AML vs frequency in normal blood,-0.20553359683794467
22,23,mean age in AML vs estimated carcinogenic effect,0.22233201581027667
22,24, mean age in AML vs frequency in normal blood,-0.17391304347826084
22,24,mean age in AML vs estimated carcinogenic effect,0.18869565217391301
22,25, mean age in AML vs frequency in normal blood,-0.19384615384615386
22,25,mean age in AML vs estimated carcinogenic effect,0.18923076923076923
22,26, mean age in AML vs frequency in normal blood,-0.23418803418803416
22,26,mean age in AML vs estimated carcinogenic effect,0.20615384615384613
22,27, mean age in AML vs frequency in normal blood,-0.24358974358974358
22,27,mean age in AML vs estimated carcinogenic effect,0.2026862026862027
22,28, mean age in AML vs frequency in normal blood,-0.14723590585659552
22,28,mean age in AML vs estimated carcinogenic effect,0.11056376573617953
22,29, mean age in AML vs frequency in normal blood,-0.21428571428571425
22,29,mean age in AML vs estimated carcinogenic effect,0.18078817733990146
22,30, mean age in AML vs frequency in normal blood,-0.22491657397107895
22,30,mean age in AML vs estimated carcinogenic effect,0.22269187986651834
